boss,party,contribution_pct,damage_B,inferred_run_HP_B,inferred_full_HP_B,change_from_live_pct,4pct_run_B,4pct_2p_B,4pct_3p_B,4pct_4p_B,4pct_5p_B,4pct_6p_B
Hard Archon,3,88.1,5972.62,6779.36,11490.45,+0.03,271.17,193.04,271.17,344.71,422.85,459.62
Gloom,6,72.3,6701.07,9268.42,9268.42,+31.82,370.74,155.71,218.73,278.05,341.08,370.74
Hard Damien,4,71.8,1476.19,2055.97,2741.30,+0.12,82.24,46.05,64.69,82.24,100.88,109.65
Darknell,6,9,13784.52,153161.33,153161.33,-15.81,6126.45,2573.11,3614.61,4594.84,5636.34,6126.45
Chaos Will,6,15.1,20619.3,136551.66,136551.66,+1.12,5462.07,2294.07,3222.62,4096.55,5025.10,5462.07
Hard Verus Hilla,2,94.9,16870.34,17776.97,42326.11,+0.11,711.08,711.08,998.90,1269.78,1557.60,1693.04
Hard Azazelle,6,26.1,22012.73,84339.96,84339.96,-6.54,3373.60,1416.91,1990.42,2530.20,3103.71,3373.60
Chaos Lucid,6,22.1,12420.71,56202.31,56202.31,-5.06,2248.09,944.20,1326.37,1686.07,2068.24,2248.09
Lotus,3,89.7,984.70,1097.77,1860.63,+3.19,43.91,31.26,43.91,55.82,68.47,74.43
